epoch,train_loss,val_loss
1,2.2635536193847656,1.017654266357422
2,0.6499361395835876,0.6002300995588302
