epoch,train_loss,val_loss
1,0.5391031382570078,0.46046096086502075
